{
  "script": {
    "steps": [],
    "maxProcessedMemTableBytes": -1,
    "columnsSelection": {
      "mode": "ALL"
    },
    "columnWidthsByName": {
      "location_identifier": 300,
      "isochrone_type": 148,
      "included_customer_id": 165,
      "location_id": 100,
      "distance_customer_location": 232,
      "isochrone_id": 105,
      "isochrone_amplitude": 158,
      "isochrone_label": 155,
      "isochrone_data": 300,
      "customer_id_denormalized": 195,
      "latitude": 141,
      "longitude": 141,
      "geo_point": 300,
      "city": 169,
      "department": 120,
      "region": 100,
      "country_iso": 100
    },
    "coloring": {
      "scheme": "MEANING_AND_STATUS",
      "individualColumns": [],
      "valueColoringMode": "HASH"
    },
    "sorting": [
      {
        "column": "isochrone_type",
        "ascending": false
      }
    ],
    "analysisColumnData": {},
    "explorationSampling": {
      "selection": {
        "maxStoredBytes": 104857600,
        "timeout": -1,
        "filter": {
          "distinct": false,
          "enabled": false
        },
        "partitionSelectionMethod": "ALL",
        "latestPartitionsN": 1,
        "ordering": {
          "enabled": false,
          "rules": []
        },
        "samplingMethod": "HEAD_SEQUENTIAL",
        "maxRecords": 10000,
        "targetRatio": 0.02,
        "withinFirstN": -1,
        "maxReadUncompressedBytes": -1
      },
      "autoRefreshSample": false,
      "_refreshTrigger": 0
    },
    "vizSampling": {
      "autoRefreshSample": false,
      "_refreshTrigger": 0
    },
    "exploreUIParams": {
      "autoRefresh": true
    },
    "globalSearchQuery": "",
    "explorationFilters": [],
    "previewMode": "ALL_ROWS"
  },
  "charts": [
    {
      "copySelectionFromScript": true,
      "engineType": "LINO",
      "def": {
        "type": "pivot_table",
        "variant": "colored",
        "name": "Count by isochrone_type and location_identifier",
        "userEditedName": false,
        "genericDimension0": [],
        "genericDimension1": [],
        "facetDimension": [],
        "animationDimension": [],
        "genericMeasures": [
          {
            "function": "COUNT",
            "type": "NUMERICAL",
            "displayed": true,
            "isA": "measure",
            "displayAxis": "axis1",
            "displayType": "column",
            "computeMode": "NORMAL",
            "computeModeDim": 0
          }
        ],
        "xDimension": [
          {
            "column": "isochrone_type",
            "type": "ALPHANUM",
            "numParams": {
              "emptyBinsMode": "ZEROS"
            },
            "maxValues": 20,
            "generateOthersCategory": true,
            "oneTickPerBin": false,
            "filters": [],
            "isA": "dimension",
            "possibleSorts": [
              {
                "type": "NATURAL",
                "label": "Natural ordering",
                "sortAscending": true
              },
              {
                "type": "AGGREGATION",
                "measureIdx": 0,
                "label": "Count of records, descending"
              },
              {
                "type": "AGGREGATION",
                "measureIdx": 0,
                "label": "Count of records, ascending",
                "sortAscending": true
              }
            ],
            "sort": {
              "type": "NATURAL",
              "label": "Natural ordering",
              "sortAscending": true
            }
          }
        ],
        "yDimension": [
          {
            "column": "location_identifier",
            "type": "ALPHANUM",
            "numParams": {
              "emptyBinsMode": "ZEROS"
            },
            "maxValues": 20,
            "generateOthersCategory": true,
            "oneTickPerBin": false,
            "filters": [],
            "isA": "dimension",
            "possibleSorts": [
              {
                "type": "NATURAL",
                "label": "Natural ordering",
                "sortAscending": true
              },
              {
                "type": "AGGREGATION",
                "measureIdx": 0,
                "label": "Count of records, descending"
              },
              {
                "type": "AGGREGATION",
                "measureIdx": 0,
                "label": "Count of records, ascending",
                "sortAscending": true
              }
            ],
            "sort": {
              "type": "NATURAL",
              "label": "Natural ordering",
              "sortAscending": true
            }
          }
        ],
        "uaXDimension": [],
        "uaYDimension": [],
        "uaSize": [],
        "uaShape": [],
        "uaColor": [],
        "uaTooltip": [],
        "groupDimension": [],
        "xMeasure": [],
        "yMeasure": [],
        "colorMeasure": [
          {
            "function": "COUNT",
            "type": "NUMERICAL",
            "displayed": true,
            "isA": "measure",
            "displayAxis": "axis1",
            "displayType": "column",
            "computeMode": "NORMAL",
            "computeModeDim": 0
          }
        ],
        "sizeMeasure": [],
        "geometry": [],
        "tooltipMeasures": [],
        "boxplotBreakdownDim": [],
        "boxplotValue": [],
        "filters": [
          {
            "filterType": "ALPHANUM_FACET",
            "column": "isochrone_type",
            "columnType": "ALPHANUM",
            "isA": "filter",
            "excludedValues": {},
            "explicitExclude": false
          }
        ],
        "axis1LogScale": false,
        "axis2LogScale": false,
        "includeZero": true,
        "smoothing": true,
        "showLegend": true,
        "showXAxis": false,
        "showInChartValues": false,
        "showInChartLabels": true,
        "strokeWidth": 1,
        "fillOpacity": 0.6,
        "showXAxisLabel": true,
        "showYAxisLabel": true,
        "hexbinRadius": 20,
        "hexbinNumber": 20,
        "hexbinRadiusMode": "NUM_HEXAGONS",
        "chartHeight": 200,
        "singleXAxis": true,
        "multiTooltips": false,
        "animationFrameDuration": 3000,
        "animationRepeat": true,
        "colorOptions": {
          "singleColor": "#2678B1",
          "transparency": 0.75,
          "colorPalette": "gyr1",
          "ccScaleMode": "LOG",
          "customPalette": {
            "id": "__dku_custom__",
            "name": "Custom Palette",
            "colors": [],
            "values": [],
            "fixedValues": false
          },
          "paletteType": "CONTINUOUS",
          "quantizationMode": "NONE",
          "numQuantizeSteps": 5,
          "paletteMiddleValue": 0.0
        },
        "bubblesOptions": {
          "defaultRadius": 5.0,
          "singleShape": "FILLED_CIRCLE"
        },
        "computeMode": "NORMAL",
        "xAxisMode": "NORMAL",
        "yAxisMode": "NORMAL",
        "pieOptions": {
          "donutHoleSize": 54.0
        },
        "scatterOptions": {
          "equalScales": false,
          "identityLine": false
        },
        "mapOptions": {
          "tilesLayer": "cartodb-positron",
          "lockSquareGrid": false
        },
        "mapGridOptions": {
          "gridLonDeg": 0.5,
          "gridLatDeg": 0.5
        },
        "disableSafetyLimits": false,
        "useLiveProcessingIfAvailable": true,
        "legendPlacement": "OUTER_RIGHT"
      },
      "maxDataBytes": 157286400
    }
  ]
}