{
  "script": {
    "steps": [],
    "maxProcessedMemTableBytes": -1,
    "columnsSelection": {
      "mode": "SELECT",
      "list": [
        {
          "name": "location_identifier",
          "d": true
        },
        {
          "name": "shop",
          "d": true
        },
        {
          "name": "group_name",
          "d": true
        },
        {
          "name": "shop_type",
          "d": true
        },
        {
          "name": "shop_category",
          "d": true
        },
        {
          "name": "address",
          "d": true
        },
        {
          "name": "latitude",
          "d": true
        },
        {
          "name": "longitude",
          "d": true
        },
        {
          "name": "geo_point",
          "d": true
        },
        {
          "name": "city",
          "d": true
        },
        {
          "name": "department",
          "d": true
        },
        {
          "name": "region",
          "d": true
        },
        {
          "name": "country_iso",
          "d": true
        },
        {
          "name": "isochrone_5_min",
          "d": true
        },
        {
          "name": "isochrone_5_min_total_pop",
          "d": true
        },
        {
          "name": "isochrone_5_min_area",
          "d": true
        },
        {
          "name": "isochrone_5_min_reachfactor",
          "d": true
        },
        {
          "name": "isochrone_15_min",
          "d": true
        },
        {
          "name": "isochrone_15_min_total_pop",
          "d": true
        },
        {
          "name": "isochrone_15_min_area",
          "d": true
        },
        {
          "name": "isochrone_15_min_reachfactor",
          "d": true
        },
        {
          "name": "isochrone_30_min",
          "d": true
        },
        {
          "name": "isochrone_30_min_total_pop",
          "d": true
        },
        {
          "name": "isochrone_30_min_area",
          "d": true
        },
        {
          "name": "isochrone_30_min_reachfactor",
          "d": true
        }
      ]
    },
    "columnWidthsByName": {
      "location_identifier": 300,
      "shop": 274,
      "group_name": 183,
      "shop_type": 127,
      "shop_category": 141,
      "address": 300,
      "latitude": 141,
      "longitude": 141,
      "geo_point": 89,
      "city": 134,
      "department": 120,
      "region": 134,
      "country_iso": 100,
      "isochrone_5_min": 845,
      "isochrone_15_min": 2853,
      "isochrone_30_min": 300,
      "isochrone_5_min_total_pop": 185,
      "isochrone_5_min_area": 190,
      "isochrone_5_min_reachfactor": 218,
      "isochrone_15_min_total_pop": 210,
      "isochrone_15_min_area": 197,
      "isochrone_15_min_reachfactor": 225,
      "isochrone_30_min_total_pop": 210,
      "isochrone_30_min_area": 197,
      "isochrone_30_min_reachfactor": 225
    },
    "coloring": {
      "scheme": "MEANING_AND_STATUS",
      "individualColumns": [],
      "valueColoringMode": "HASH"
    },
    "sorting": [
      {
        "column": "location_identifier",
        "ascending": true
      }
    ],
    "analysisColumnData": {},
    "explorationSampling": {
      "selection": {
        "maxStoredBytes": 104857600,
        "timeout": -1,
        "filter": {
          "distinct": false,
          "enabled": false
        },
        "partitionSelectionMethod": "ALL",
        "latestPartitionsN": 1,
        "ordering": {
          "enabled": false,
          "rules": []
        },
        "samplingMethod": "HEAD_SEQUENTIAL",
        "maxRecords": 10000,
        "targetRatio": 0.02,
        "withinFirstN": -1,
        "maxReadUncompressedBytes": -1
      },
      "autoRefreshSample": false,
      "_refreshTrigger": 7
    },
    "vizSampling": {
      "autoRefreshSample": false,
      "_refreshTrigger": 0
    },
    "exploreUIParams": {
      "autoRefresh": true
    },
    "globalSearchQuery": "",
    "explorationFilters": [],
    "previewMode": "ALL_ROWS"
  },
  "charts": [
    {
      "copySelectionFromScript": true,
      "engineType": "LINO",
      "def": {
        "type": "geom_map",
        "variant": "normal",
        "name": "New chart",
        "userEditedName": false,
        "genericDimension0": [],
        "genericDimension1": [],
        "facetDimension": [],
        "animationDimension": [],
        "genericMeasures": [],
        "xDimension": [],
        "yDimension": [],
        "uaXDimension": [],
        "uaYDimension": [],
        "uaSize": [],
        "uaShape": [],
        "uaColor": [],
        "uaTooltip": [],
        "groupDimension": [],
        "xMeasure": [],
        "yMeasure": [],
        "colorMeasure": [],
        "sizeMeasure": [],
        "geometry": [
          {
            "column": "isochrone_5_min",
            "type": "GEOMETRY",
            "treatAsAlphanum": false,
            "isA": "ua",
            "adminLevel": 0
          }
        ],
        "tooltipMeasures": [],
        "boxplotBreakdownDim": [],
        "boxplotValue": [],
        "filters": [],
        "axis1LogScale": false,
        "axis2LogScale": false,
        "includeZero": true,
        "smoothing": true,
        "showLegend": true,
        "showXAxis": false,
        "showInChartValues": false,
        "showInChartLabels": true,
        "strokeWidth": 1,
        "fillOpacity": 0.6,
        "showXAxisLabel": true,
        "showYAxisLabel": true,
        "hexbinRadius": 20,
        "hexbinNumber": 20,
        "hexbinRadiusMode": "NUM_HEXAGONS",
        "chartHeight": 200,
        "singleXAxis": true,
        "multiTooltips": false,
        "animationFrameDuration": 3000,
        "animationRepeat": true,
        "colorOptions": {
          "singleColor": "#2678B1",
          "transparency": 0.75,
          "colorPalette": "default",
          "ccScaleMode": "NORMAL",
          "customPalette": {
            "id": "__dku_custom__",
            "name": "Custom Palette",
            "colors": [],
            "values": [],
            "fixedValues": false
          },
          "paletteType": "CONTINUOUS",
          "quantizationMode": "NONE",
          "numQuantizeSteps": 5,
          "paletteMiddleValue": 0.0
        },
        "bubblesOptions": {
          "defaultRadius": 5.0,
          "singleShape": "FILLED_CIRCLE"
        },
        "xAxisMode": "NORMAL",
        "yAxisMode": "NORMAL",
        "pieOptions": {
          "donutHoleSize": 54.0
        },
        "scatterOptions": {
          "equalScales": false,
          "identityLine": false
        },
        "mapOptions": {
          "tilesLayer": "cartodb-positron",
          "lockSquareGrid": false
        },
        "mapGridOptions": {
          "gridLonDeg": 0.5,
          "gridLatDeg": 0.5
        },
        "disableSafetyLimits": false,
        "useLiveProcessingIfAvailable": true,
        "legendPlacement": "OUTER_RIGHT"
      },
      "maxDataBytes": 157286400
    }
  ]
}