{
  "script": {
    "steps": [],
    "maxProcessedMemTableBytes": -1,
    "columnsSelection": {
      "mode": "ALL"
    },
    "columnWidthsByName": {
      "poi_center": 100,
      "poi_geo_point": 204,
      "poi_id": 100,
      "poi_lat": 100,
      "poi_lon": 100,
      "poi_nodes": 100,
      "poi_type": 100,
      "tags": 300,
      "shop": 176,
      "has_shop": 100,
      "leisure": 100,
      "has_leisure": 100,
      "historic": 100,
      "has_historic": 105,
      "amenity": 148,
      "has_amenity": 100,
      "sport": 176,
      "has_sport": 100,
      "tourism": 100,
      "has_tourism": 100,
      "brand": 134,
      "operator": 176
    },
    "coloring": {
      "scheme": "MEANING_AND_STATUS",
      "individualColumns": [],
      "valueColoringMode": "HASH"
    },
    "sorting": [],
    "analysisColumnData": {},
    "explorationSampling": {
      "selection": {
        "maxStoredBytes": 104857600,
        "timeout": -1,
        "filter": {
          "distinct": false,
          "enabled": false
        },
        "partitionSelectionMethod": "ALL",
        "latestPartitionsN": 1,
        "ordering": {
          "enabled": false,
          "rules": []
        },
        "samplingMethod": "HEAD_SEQUENTIAL",
        "maxRecords": 10000,
        "targetRatio": 0.02,
        "withinFirstN": -1,
        "maxReadUncompressedBytes": -1
      },
      "autoRefreshSample": false,
      "_refreshTrigger": 0
    },
    "vizSampling": {
      "autoRefreshSample": false,
      "_refreshTrigger": 0
    },
    "exploreUIParams": {
      "autoRefresh": true
    },
    "globalSearchQuery": "",
    "explorationFilters": [],
    "previewMode": "ALL_ROWS"
  },
  "charts": []
}