{
  "script": {
    "steps": [],
    "maxProcessedMemTableBytes": -1,
    "columnsSelection": {
      "mode": "SELECT",
      "list": [
        {
          "name": "location_uuid",
          "d": true
        },
        {
          "name": "id",
          "d": true
        },
        {
          "name": "isochrone_amplitude",
          "d": true
        },
        {
          "name": "customer_uuid",
          "d": true
        },
        {
          "name": "latitude",
          "d": true
        },
        {
          "name": "longitude",
          "d": true
        },
        {
          "name": "gender",
          "d": true
        },
        {
          "name": "customer_cluster",
          "d": true
        }
      ]
    },
    "columnWidthsByName": {
      "location_uuid": 113,
      "id": 100,
      "isochrone_amplitude": 158,
      "customer_uuid": 141,
      "latitude": 141,
      "longitude": 141,
      "gender": 100,
      "customer_cluster": 135
    },
    "coloring": {
      "scheme": "MEANING_AND_STATUS",
      "individualColumns": [],
      "valueColoringMode": "HASH"
    },
    "sorting": [],
    "analysisColumnData": {},
    "explorationSampling": {
      "selection": {
        "maxStoredBytes": 104857600,
        "timeout": -1,
        "filter": {
          "distinct": false,
          "enabled": false
        },
        "partitionSelectionMethod": "ALL",
        "latestPartitionsN": 1,
        "ordering": {
          "enabled": false,
          "rules": []
        },
        "samplingMethod": "HEAD_SEQUENTIAL",
        "maxRecords": 100000,
        "targetRatio": 0.02,
        "withinFirstN": -1,
        "maxReadUncompressedBytes": -1
      },
      "autoRefreshSample": false,
      "_refreshTrigger": 1
    },
    "vizSampling": {
      "autoRefreshSample": false,
      "_refreshTrigger": 0
    },
    "exploreUIParams": {
      "autoRefresh": true
    },
    "globalSearchQuery": "",
    "explorationFilters": [],
    "previewMode": "ALL_ROWS"
  },
  "charts": []
}