{
  "discussions": [
    {
      "id": "JAj9WX7Y",
      "objectId": "1",
      "objectType": "ARTICLE",
      "topic": "API Info",
      "lastReplyTime": 1617124332605,
      "users": {
        "malick.konate@dataiku.com": {
          "login": "malick.konate@dataiku.com",
          "lastReplyTime": 0,
          "lastReadTime": 1621320841360
        },
        "dthomas": {
          "login": "dthomas",
          "lastReplyTime": 1617124332605,
          "lastReadTime": 1617124332659
        }
      },
      "closedOn": 0,
      "closedBy": "",
      "replies": [
        {
          "id": "Xs8wW29s",
          "text": "The home page is best to disclose which external APIs we\u0027re using and links to their websites",
          "author": "dthomas",
          "time": 1617124332605,
          "editedOn": 0
        }
      ]
    },
    {
      "id": "umv0MVxt",
      "objectId": "11",
      "objectType": "ARTICLE",
      "topic": "Confusing text here",
      "lastReplyTime": 1617124267923,
      "users": {
        "dthomas": {
          "login": "dthomas",
          "lastReplyTime": 1617124267923,
          "lastReadTime": 1617124267996
        }
      },
      "closedOn": 1617178414872,
      "closedBy": "dthomas",
      "replies": [
        {
          "id": "7FxoecPK",
          "text": "Knowing that the customers inclusion in distribution location isochrones is stored in dataset  locations_customers, we could imagine : Note : The visualization of the customers distribution in the webapp is still at an experimenal stage and will evolve.\n\nThis line is confusing and I think not formatted right",
          "author": "dthomas",
          "time": 1617124267923,
          "editedOn": 0
        }
      ]
    }
  ]
}