{
  "type": "web_app",
  "params": {
    "webAppSmartId": "tVOMlzi",
    "webAppType": "STANDARD"
  },
  "owner": "malick.konate@dataiku.com",
  "listed": false,
  "name": "geospatial_webapp",
  "dashboardCreationId": "R8TQcnW",
  "versionTag": {
    "versionNumber": 0,
    "lastModifiedBy": {
      "login": "malick.konate@dataiku.com"
    },
    "lastModifiedOn": 1620720205550
  },
  "creationTag": {
    "versionNumber": 0,
    "lastModifiedBy": {
      "login": "malick.konate@dataiku.com"
    },
    "lastModifiedOn": 1620720205550
  },
  "tags": [],
  "customFields": {},
  "checklists": {
    "checklists": []
  }
}