{
  "name": "Distribution network\u0027s spatial analysis",
  "layout": "WIKI_ARTICLE",
  "attachments": [
    {
      "attachmentType": "FILE",
      "smartId": "qHRikcUU1iIY",
      "details": {
        "objectDisplayName": "isochrones.png",
        "size": 2247162,
        "mimeType": "image/png"
      },
      "attachedBy": "admin",
      "attachedOn": 1616691210427
    }
  ],
  "versionTag": {
    "versionNumber": 13,
    "lastModifiedBy": {
      "login": "dthomas"
    },
    "lastModifiedOn": 1617124147595
  },
  "creationTag": {
    "versionNumber": 0,
    "lastModifiedBy": {
      "login": "admin"
    },
    "lastModifiedOn": 1616497122765
  },
  "tags": [],
  "customFields": {},
  "checklists": {
    "checklists": []
  }
}