{
  "name": "Customers distribution in isochrones",
  "layout": "WIKI_ARTICLE",
  "attachments": [
    {
      "attachmentType": "FILE",
      "smartId": "rjoRTpukY5ke",
      "details": {
        "objectDisplayName": "customers_in_isochrones.png",
        "size": 3065855,
        "mimeType": "image/png"
      },
      "attachedBy": "admin",
      "attachedOn": 1616693097613
    }
  ],
  "versionTag": {
    "versionNumber": 13,
    "lastModifiedBy": {
      "login": "dthomas"
    },
    "lastModifiedOn": 1617178397988
  },
  "creationTag": {
    "versionNumber": 0,
    "lastModifiedBy": {
      "login": "admin"
    },
    "lastModifiedOn": 1616497222900
  },
  "tags": [],
  "customFields": {},
  "checklists": {
    "checklists": []
  }
}