{
  "name": "Project\u0027s webapp",
  "layout": "WIKI_ARTICLE",
  "attachments": [
    {
      "attachmentType": "FILE",
      "smartId": "r8ErJFYaNG59",
      "details": {
        "objectDisplayName": "webapp.png",
        "size": 1085219,
        "mimeType": "image/png"
      },
      "attachedBy": "admin",
      "attachedOn": 1617028011059
    }
  ],
  "versionTag": {
    "versionNumber": 5,
    "lastModifiedBy": {
      "login": "admin"
    },
    "lastModifiedOn": 1617028049228
  },
  "creationTag": {
    "versionNumber": 0,
    "lastModifiedBy": {
      "login": "admin"
    },
    "lastModifiedOn": 1616498734533
  },
  "tags": [],
  "customFields": {},
  "checklists": {
    "checklists": []
  }
}