{
  "name": "Points of interest",
  "layout": "WIKI_ARTICLE",
  "attachments": [
    {
      "attachmentType": "FILE",
      "smartId": "sjaSd44DVlxm",
      "details": {
        "objectDisplayName": "points_of_interest.png",
        "size": 192196,
        "mimeType": "image/png"
      },
      "attachedBy": "admin",
      "attachedOn": 1616690780325
    }
  ],
  "versionTag": {
    "versionNumber": 10,
    "lastModifiedBy": {
      "login": "admin"
    },
    "lastModifiedOn": 1617004420278
  },
  "creationTag": {
    "versionNumber": 0,
    "lastModifiedBy": {
      "login": "admin"
    },
    "lastModifiedOn": 1616690111463
  },
  "tags": [],
  "customFields": {},
  "checklists": {
    "checklists": []
  }
}