{
  "name": "Flow zones",
  "layout": "WIKI_ARTICLE",
  "attachments": [
    {
      "attachmentType": "FILE",
      "smartId": "pcyVK2iDgMjL",
      "details": {
        "objectDisplayName": "flow_zones.png",
        "size": 169849,
        "mimeType": "image/png"
      },
      "attachedBy": "malick.konate@dataiku.com",
      "attachedOn": 1622818478496
    }
  ],
  "versionTag": {
    "versionNumber": 16,
    "lastModifiedBy": {
      "login": "malick.konate@dataiku.com"
    },
    "lastModifiedOn": 1622818594086
  },
  "creationTag": {
    "versionNumber": 0,
    "lastModifiedBy": {
      "login": "admin"
    },
    "lastModifiedOn": 1616696292630
  },
  "tags": [],
  "customFields": {},
  "checklists": {
    "checklists": []
  }
}