{
  "name": "inputs_zone",
  "layout": "WIKI_ARTICLE",
  "attachments": [
    {
      "attachmentType": "FILE",
      "smartId": "E5zpK9UN7AXr",
      "details": {
        "objectDisplayName": "inputs_zone.png",
        "size": 28573,
        "mimeType": "image/png"
      },
      "attachedBy": "admin",
      "attachedOn": 1616750253187
    }
  ],
  "versionTag": {
    "versionNumber": 37,
    "lastModifiedBy": {
      "login": "admin"
    },
    "lastModifiedOn": 1617027515798
  },
  "creationTag": {
    "versionNumber": 0,
    "lastModifiedBy": {
      "login": "admin"
    },
    "lastModifiedOn": 1616696371795
  },
  "tags": [],
  "customFields": {},
  "checklists": {
    "checklists": []
  }
}