{
  "name": "preprocessing_zone",
  "layout": "WIKI_ARTICLE",
  "attachments": [
    {
      "attachmentType": "FILE",
      "smartId": "URCHoDuUHHmy",
      "details": {
        "objectDisplayName": "preprocessing_zone.png",
        "size": 156569,
        "mimeType": "image/png"
      },
      "attachedBy": "admin",
      "attachedOn": 1616750354592
    },
    {
      "attachmentType": "FILE",
      "smartId": "zvbyQvZwIwXx",
      "details": {
        "objectDisplayName": "customers_lat_lon.png",
        "size": 89296,
        "mimeType": "image/png"
      },
      "attachedBy": "admin",
      "attachedOn": 1616778149440
    },
    {
      "attachmentType": "FILE",
      "smartId": "dzsHvJMCftKA",
      "details": {
        "objectDisplayName": "locations_lat_lon.png",
        "size": 90432,
        "mimeType": "image/png"
      },
      "attachedBy": "admin",
      "attachedOn": 1616778149584
    },
    {
      "attachmentType": "FILE",
      "smartId": "glEk1NKmgK91",
      "details": {
        "objectDisplayName": "customers_addresses.png",
        "size": 204214,
        "mimeType": "image/png"
      },
      "attachedBy": "admin",
      "attachedOn": 1616778149652
    },
    {
      "attachmentType": "FILE",
      "smartId": "9CIMIMz44EUO",
      "details": {
        "objectDisplayName": "locations_addresses.png",
        "size": 207031,
        "mimeType": "image/png"
      },
      "attachedBy": "admin",
      "attachedOn": 1616778149720
    },
    {
      "attachmentType": "FILE",
      "smartId": "ZAhJeaAQ3RCq",
      "details": {
        "objectDisplayName": "locations_addresses\u0026customers_lat_lon.png",
        "size": 63175,
        "mimeType": "image/png"
      },
      "attachedBy": "admin",
      "attachedOn": 1616779174281
    }
  ],
  "versionTag": {
    "versionNumber": 38,
    "lastModifiedBy": {
      "login": "admin"
    },
    "lastModifiedOn": 1617027505622
  },
  "creationTag": {
    "versionNumber": 0,
    "lastModifiedBy": {
      "login": "admin"
    },
    "lastModifiedOn": 1616696397471
  },
  "tags": [],
  "customFields": {},
  "checklists": {
    "checklists": []
  }
}