{
  "name": "isochrones_zone",
  "layout": "WIKI_ARTICLE",
  "attachments": [
    {
      "attachmentType": "FILE",
      "smartId": "0FV7YGLucuei",
      "details": {
        "objectDisplayName": "isochrones_zone.png",
        "size": 53986,
        "mimeType": "image/png"
      },
      "attachedBy": "admin",
      "attachedOn": 1616783171073
    },
    {
      "attachmentType": "FILE",
      "smartId": "URtOSlIXe9Bo",
      "details": {
        "objectDisplayName": "locations_isochrones.png",
        "size": 379020,
        "mimeType": "image/png"
      },
      "attachedBy": "admin",
      "attachedOn": 1616784895587
    },
    {
      "attachmentType": "FILE",
      "smartId": "JEUVXa0fcT9e",
      "details": {
        "objectDisplayName": "locations_competition.png",
        "size": 253971,
        "mimeType": "image/png"
      },
      "attachedBy": "admin",
      "attachedOn": 1616786050210
    }
  ],
  "versionTag": {
    "versionNumber": 52,
    "lastModifiedBy": {
      "login": "admin"
    },
    "lastModifiedOn": 1617027496348
  },
  "creationTag": {
    "versionNumber": 0,
    "lastModifiedBy": {
      "login": "admin"
    },
    "lastModifiedOn": 1616696409070
  },
  "tags": [],
  "customFields": {},
  "checklists": {
    "checklists": []
  }
}