{
  "name": "[EXPERIMENTAL] points_of_interest_zone",
  "layout": "WIKI_ARTICLE",
  "attachments": [
    {
      "attachmentType": "FILE",
      "smartId": "c7zit1xcizeC",
      "details": {
        "objectDisplayName": "polygon_envelope.png",
        "size": 200968,
        "mimeType": "image/png"
      },
      "attachedBy": "admin",
      "attachedOn": 1616786899940
    },
    {
      "attachmentType": "FILE",
      "smartId": "QEbROaj1j2Eu",
      "details": {
        "objectDisplayName": "isochrones_envelopes_points_of_interest.png",
        "size": 432234,
        "mimeType": "image/png"
      },
      "attachedBy": "admin",
      "attachedOn": 1616787475708
    },
    {
      "attachmentType": "FILE",
      "smartId": "bWRdQDTvkbiv",
      "details": {
        "objectDisplayName": "polygon_envelope_zoom.png",
        "size": 122600,
        "mimeType": "image/png"
      },
      "attachedBy": "admin",
      "attachedOn": 1616787882215
    },
    {
      "attachmentType": "FILE",
      "smartId": "U2suLDOVlWxZ",
      "details": {
        "objectDisplayName": "points_of_interest_zone.png",
        "size": 81624,
        "mimeType": "image/png"
      },
      "attachedBy": "malick.konate@dataiku.com",
      "attachedOn": 1622819286471
    }
  ],
  "versionTag": {
    "versionNumber": 58,
    "lastModifiedBy": {
      "login": "malick.konate@dataiku.com"
    },
    "lastModifiedOn": 1622819297431
  },
  "creationTag": {
    "versionNumber": 0,
    "lastModifiedBy": {
      "login": "admin"
    },
    "lastModifiedOn": 1616696415906
  },
  "tags": [],
  "customFields": {},
  "checklists": {
    "checklists": []
  }
}