{
  "name": "customers_zone",
  "layout": "WIKI_ARTICLE",
  "attachments": [
    {
      "attachmentType": "FILE",
      "smartId": "2942kpYrVgwG",
      "details": {
        "objectDisplayName": "customers_zone.png",
        "size": 75304,
        "mimeType": "image/png"
      },
      "attachedBy": "malick.konate@dataiku.com",
      "attachedOn": 1622819782495
    }
  ],
  "versionTag": {
    "versionNumber": 21,
    "lastModifiedBy": {
      "login": "malick.konate@dataiku.com"
    },
    "lastModifiedOn": 1622819785444
  },
  "creationTag": {
    "versionNumber": 0,
    "lastModifiedBy": {
      "login": "admin"
    },
    "lastModifiedOn": 1616696423188
  },
  "tags": [],
  "customFields": {},
  "checklists": {
    "checklists": []
  }
}