{
  "name": "Default",
  "layout": "WIKI_ARTICLE",
  "attachments": [
    {
      "attachmentType": "FILE",
      "smartId": "q1ltzoTVCH5Z",
      "details": {
        "objectDisplayName": "default_zone.png",
        "size": 139477,
        "mimeType": "image/png"
      },
      "attachedBy": "admin",
      "attachedOn": 1616779698203
    }
  ],
  "versionTag": {
    "versionNumber": 6,
    "lastModifiedBy": {
      "login": "admin"
    },
    "lastModifiedOn": 1616779707623
  },
  "creationTag": {
    "versionNumber": 0,
    "lastModifiedBy": {
      "login": "admin"
    },
    "lastModifiedOn": 1616758191115
  },
  "tags": [],
  "customFields": {},
  "checklists": {
    "checklists": []
  }
}