{
  "name": "Isochrones areas",
  "layout": "WIKI_ARTICLE",
  "attachments": [
    {
      "attachmentType": "FILE",
      "smartId": "Buc9N2NJmQRB",
      "details": {
        "objectDisplayName": "isochrone.png",
        "size": 1066858,
        "mimeType": "image/png"
      },
      "attachedBy": "admin",
      "attachedOn": 1616509550068
    }
  ],
  "versionTag": {
    "versionNumber": 26,
    "lastModifiedBy": {
      "login": "admin"
    },
    "lastModifiedOn": 1616512989140
  },
  "creationTag": {
    "versionNumber": 0,
    "lastModifiedBy": {
      "login": "admin"
    },
    "lastModifiedOn": 1616495878020
  },
  "tags": [],
  "customFields": {},
  "checklists": {
    "checklists": []
  }
}