{
  "name": "Dataset | locations_customers",
  "layout": "WIKI_ARTICLE",
  "attachments": [
    {
      "attachmentType": "FILE",
      "smartId": "XE24boemVPA9",
      "details": {
        "objectDisplayName": "locations_customers.png",
        "size": 270067,
        "mimeType": "image/png"
      },
      "attachedBy": "malick.konate@dataiku.com",
      "attachedOn": 1622820167646
    }
  ],
  "versionTag": {
    "versionNumber": 23,
    "lastModifiedBy": {
      "login": "malick.konate@dataiku.com"
    },
    "lastModifiedOn": 1622820283436
  },
  "creationTag": {
    "versionNumber": 0,
    "lastModifiedBy": {
      "login": "admin"
    },
    "lastModifiedOn": 1617003656621
  },
  "tags": [],
  "customFields": {},
  "checklists": {
    "checklists": []
  }
}