{
  "name": "Dataset | locations_customers_agg",
  "layout": "WIKI_ARTICLE",
  "attachments": [
    {
      "attachmentType": "FILE",
      "smartId": "x5mUgedNrJIH",
      "details": {
        "objectDisplayName": "locations_customers_agg.png",
        "size": 209811,
        "mimeType": "image/png"
      },
      "attachedBy": "admin",
      "attachedOn": 1617004709413
    }
  ],
  "versionTag": {
    "versionNumber": 7,
    "lastModifiedBy": {
      "login": "admin"
    },
    "lastModifiedOn": 1617004799857
  },
  "creationTag": {
    "versionNumber": 0,
    "lastModifiedBy": {
      "login": "admin"
    },
    "lastModifiedOn": 1617003772578
  },
  "tags": [],
  "customFields": {},
  "checklists": {
    "checklists": []
  }
}