{
  "name": "Inputs",
  "layout": "WIKI_ARTICLE",
  "attachments": [
    {
      "attachmentType": "FILE",
      "smartId": "SWFrOzLh5t2L",
      "details": {
        "objectDisplayName": "dataiku_app_inputs.png",
        "size": 87613,
        "mimeType": "image/png"
      },
      "attachedBy": "admin",
      "attachedOn": 1617008904723
    },
    {
      "attachmentType": "FILE",
      "smartId": "rcXqOrPGX59g",
      "details": {
        "objectDisplayName": "distribution_network_dataset.png",
        "size": 25919,
        "mimeType": "image/png"
      },
      "attachedBy": "admin",
      "attachedOn": 1617011888797
    },
    {
      "attachmentType": "FILE",
      "smartId": "9HopvCrwzr8W",
      "details": {
        "objectDisplayName": "distribution_network_id_cols.png",
        "size": 12949,
        "mimeType": "image/png"
      },
      "attachedBy": "admin",
      "attachedOn": 1617012030800
    },
    {
      "attachmentType": "FILE",
      "smartId": "wMaqPun7RDwC",
      "details": {
        "objectDisplayName": "distribution_network_types_locs.png",
        "size": 9748,
        "mimeType": "image/png"
      },
      "attachedBy": "admin",
      "attachedOn": 1617012148001
    },
    {
      "attachmentType": "FILE",
      "smartId": "LDJZEtXiz1ln",
      "details": {
        "objectDisplayName": "customers_dataset.png",
        "size": 25286,
        "mimeType": "image/png"
      },
      "attachedBy": "admin",
      "attachedOn": 1617012148090
    },
    {
      "attachmentType": "FILE",
      "smartId": "zpYABMYiC5JP",
      "details": {
        "objectDisplayName": "customers_parameters.png",
        "size": 15370,
        "mimeType": "image/png"
      },
      "attachedBy": "admin",
      "attachedOn": 1617012148160
    }
  ],
  "versionTag": {
    "versionNumber": 27,
    "lastModifiedBy": {
      "login": "admin"
    },
    "lastModifiedOn": 1617027674477
  },
  "creationTag": {
    "versionNumber": 0,
    "lastModifiedBy": {
      "login": "admin"
    },
    "lastModifiedOn": 1617008891850
  },
  "tags": [],
  "customFields": {},
  "checklists": {
    "checklists": []
  }
}