{
  "name": "Preprocessing",
  "layout": "WIKI_ARTICLE",
  "attachments": [
    {
      "attachmentType": "FILE",
      "smartId": "jgPOwnle9Eyz",
      "details": {
        "objectDisplayName": "dataiku_app_preprocessing.png",
        "size": 23499,
        "mimeType": "image/png"
      },
      "attachedBy": "admin",
      "attachedOn": 1617013075472
    },
    {
      "attachmentType": "FILE",
      "smartId": "4TLV0N3KSN7W",
      "details": {
        "objectDisplayName": "preprocess_distr_locs.png",
        "size": 10477,
        "mimeType": "image/png"
      },
      "attachedBy": "admin",
      "attachedOn": 1617013075567
    },
    {
      "attachmentType": "FILE",
      "smartId": "dPXkmd6Z5FkO",
      "details": {
        "objectDisplayName": "preprocess_cust_locs.png",
        "size": 9615,
        "mimeType": "image/png"
      },
      "attachedBy": "admin",
      "attachedOn": 1617013075653
    }
  ],
  "versionTag": {
    "versionNumber": 9,
    "lastModifiedBy": {
      "login": "admin"
    },
    "lastModifiedOn": 1617027682242
  },
  "creationTag": {
    "versionNumber": 0,
    "lastModifiedBy": {
      "login": "admin"
    },
    "lastModifiedOn": 1617012813003
  },
  "tags": [],
  "customFields": {},
  "checklists": {
    "checklists": []
  }
}