{
  "name": "Isochrones",
  "layout": "WIKI_ARTICLE",
  "attachments": [
    {
      "attachmentType": "FILE",
      "smartId": "XjvdfcbicNwX",
      "details": {
        "objectDisplayName": "dataiku_app_isochrones.png",
        "size": 49548,
        "mimeType": "image/png"
      },
      "attachedBy": "admin",
      "attachedOn": 1617013763024
    },
    {
      "attachmentType": "FILE",
      "smartId": "nVNMZBmQT8ym",
      "details": {
        "objectDisplayName": "isochrones_compute_isochrones_data.png",
        "size": 9290,
        "mimeType": "image/png"
      },
      "attachedBy": "admin",
      "attachedOn": 1617013763075
    },
    {
      "attachmentType": "FILE",
      "smartId": "e92hsKa7oF10",
      "details": {
        "objectDisplayName": "isochrones_general_params.png",
        "size": 17040,
        "mimeType": "image/png"
      },
      "attachedBy": "admin",
      "attachedOn": 1617013763158
    },
    {
      "attachmentType": "FILE",
      "smartId": "qclwUZZY3nKl",
      "details": {
        "objectDisplayName": "isochrones_api_parameters.png",
        "size": 21820,
        "mimeType": "image/png"
      },
      "attachedBy": "admin",
      "attachedOn": 1617013763243
    }
  ],
  "versionTag": {
    "versionNumber": 21,
    "lastModifiedBy": {
      "login": "admin"
    },
    "lastModifiedOn": 1617027692967
  },
  "creationTag": {
    "versionNumber": 0,
    "lastModifiedBy": {
      "login": "admin"
    },
    "lastModifiedOn": 1617013386095
  },
  "tags": [],
  "customFields": {},
  "checklists": {
    "checklists": []
  }
}