{
  "name": "[EXPERIMENTAL] Points of interest (POIs)",
  "layout": "WIKI_ARTICLE",
  "attachments": [
    {
      "attachmentType": "FILE",
      "smartId": "NDZqvDaI0tQj",
      "details": {
        "objectDisplayName": "points_of_interest_compute_poi_data.png",
        "size": 9503,
        "mimeType": "image/png"
      },
      "attachedBy": "admin",
      "attachedOn": 1617026361912
    },
    {
      "attachmentType": "FILE",
      "smartId": "bp9We9ycnRSe",
      "details": {
        "objectDisplayName": "dataiku_app_points_of_interest.png",
        "size": 180370,
        "mimeType": "image/png"
      },
      "attachedBy": "malick.konate@dataiku.com",
      "attachedOn": 1622820896749
    },
    {
      "attachmentType": "FILE",
      "smartId": "Wat8BG7jeqL1",
      "details": {
        "objectDisplayName": "points_of_interest_parameters.png",
        "size": 125523,
        "mimeType": "image/png"
      },
      "attachedBy": "malick.konate@dataiku.com",
      "attachedOn": 1622821021354
    }
  ],
  "versionTag": {
    "versionNumber": 27,
    "lastModifiedBy": {
      "login": "malick.konate@dataiku.com"
    },
    "lastModifiedOn": 1622821059387
  },
  "creationTag": {
    "versionNumber": 0,
    "lastModifiedBy": {
      "login": "admin"
    },
    "lastModifiedOn": 1617025981093
  },
  "tags": [],
  "customFields": {},
  "checklists": {
    "checklists": []
  }
}