{
  "name": "Customers",
  "layout": "WIKI_ARTICLE",
  "attachments": [
    {
      "attachmentType": "FILE",
      "smartId": "ejpIDhw8FwM6",
      "details": {
        "objectDisplayName": "dataiku_app_customers.png",
        "size": 120313,
        "mimeType": "image/png"
      },
      "attachedBy": "malick.konate@dataiku.com",
      "attachedOn": 1622820548320
    },
    {
      "attachmentType": "FILE",
      "smartId": "8kLgqdUcGzZP",
      "details": {
        "objectDisplayName": "customers_parameters.png",
        "size": 72362,
        "mimeType": "image/png"
      },
      "attachedBy": "malick.konate@dataiku.com",
      "attachedOn": 1622821140188
    },
    {
      "attachmentType": "FILE",
      "smartId": "RNjkOA4GFoXZ",
      "details": {
        "objectDisplayName": "build_isochrones_customers_dataset.png",
        "size": 27594,
        "mimeType": "image/png"
      },
      "attachedBy": "malick.konate@dataiku.com",
      "attachedOn": 1622821371421
    }
  ],
  "versionTag": {
    "versionNumber": 25,
    "lastModifiedBy": {
      "login": "malick.konate@dataiku.com"
    },
    "lastModifiedOn": 1622821404063
  },
  "creationTag": {
    "versionNumber": 0,
    "lastModifiedBy": {
      "login": "admin"
    },
    "lastModifiedOn": 1617025993359
  },
  "tags": [],
  "customFields": {},
  "checklists": {
    "checklists": []
  }
}