{
  "name": "Dataset | locations_points_of_interest_agg",
  "layout": "WIKI_ARTICLE",
  "attachments": [],
  "versionTag": {
    "versionNumber": 2,
    "lastModifiedBy": {
      "login": "malick.konate@dataiku.com"
    },
    "lastModifiedOn": 1622819686047
  },
  "creationTag": {
    "versionNumber": 0,
    "lastModifiedBy": {
      "login": "malick.konate@dataiku.com"
    },
    "lastModifiedOn": 1622819522181
  },
  "tags": [],
  "customFields": {},
  "checklists": {
    "checklists": []
  }
}