{
  "name": "Dataset | locations_isochrones_denormalized",
  "layout": "WIKI_ARTICLE",
  "attachments": [
    {
      "attachmentType": "FILE",
      "smartId": "8qoqPx0dtsFh",
      "details": {
        "objectDisplayName": "locations_isochrones_denormalized.png",
        "size": 133707,
        "mimeType": "image/png"
      },
      "attachedBy": "malick.konate@dataiku.com",
      "attachedOn": 1622821695302
    }
  ],
  "versionTag": {
    "versionNumber": 10,
    "lastModifiedBy": {
      "login": "malick.konate@dataiku.com"
    },
    "lastModifiedOn": 1622821868766
  },
  "creationTag": {
    "versionNumber": 0,
    "lastModifiedBy": {
      "login": "malick.konate@dataiku.com"
    },
    "lastModifiedOn": 1622821479226
  },
  "tags": [],
  "customFields": {},
  "checklists": {
    "checklists": []
  }
}