{
  "name": "Openrouteservice",
  "layout": "WIKI_ARTICLE",
  "attachments": [
    {
      "attachmentType": "FILE",
      "smartId": "m7Knm0jsjzT3",
      "details": {
        "objectDisplayName": "open_route_service_dashboard.png",
        "size": 404873,
        "mimeType": "image/png"
      },
      "attachedBy": "admin",
      "attachedOn": 1617030530442
    }
  ],
  "versionTag": {
    "versionNumber": 6,
    "lastModifiedBy": {
      "login": "mkonate"
    },
    "lastModifiedOn": 1617036214439
  },
  "creationTag": {
    "versionNumber": 0,
    "lastModifiedBy": {
      "login": "admin"
    },
    "lastModifiedOn": 1616496416849
  },
  "tags": [],
  "customFields": {},
  "checklists": {
    "checklists": []
  }
}