{
  "projectKey": "DISTR_SPATIAL",
  "id": "COMPUTE_ISOCHRONES_DATA",
  "type": "step_based",
  "name": "compute_isochrones_data",
  "active": false,
  "versionTag": {
    "versionNumber": 7,
    "lastModifiedBy": {
      "login": "malick.konate@dataiku.com"
    },
    "lastModifiedOn": 1619628942450
  },
  "checklists": {
    "checklists": []
  },
  "delayedTriggersBehavior": {
    "delayWhileRunning": true,
    "squashDelayedTriggers": true,
    "suppressTriggersWhileRunning": true
  },
  "tags": [],
  "triggers": [],
  "reporters": [],
  "params": {
    "steps": [
      {
        "id": "run_scenario_null.LOAD_APPLICATION_VARIABLES",
        "type": "run_scenario",
        "name": "load_application_variables",
        "runConditionType": "RUN_IF_STATUS_MATCH",
        "runConditionStatuses": [
          "SUCCESS",
          "WARNING"
        ],
        "runConditionExpression": "",
        "resetScenarioStatus": false,
        "delayBetweenRetries": 10,
        "maxRetriesOnFail": 0,
        "params": {
          "scenarioId": "LOAD_APPLICATION_VARIABLES",
          "proceedOnFailure": false
        }
      },
      {
        "id": "build_1_true_d_locations_isochrones",
        "type": "build_flowitem",
        "name": "locations_isochrones",
        "runConditionType": "RUN_IF_STATUS_MATCH",
        "runConditionStatuses": [
          "SUCCESS",
          "WARNING"
        ],
        "runConditionExpression": "",
        "resetScenarioStatus": false,
        "delayBetweenRetries": 10,
        "maxRetriesOnFail": 0,
        "params": {
          "builds": [
            {
              "type": "DATASET",
              "itemId": "locations_isochrones",
              "partitionsSpec": ""
            }
          ],
          "jobType": "NON_RECURSIVE_FORCED_BUILD",
          "refreshHiveMetastore": true,
          "proceedOnFailure": false
        }
      },
      {
        "id": "build_1_true_d_locations_isochrones",
        "type": "build_flowitem",
        "name": "locations_competition",
        "runConditionType": "RUN_IF_STATUS_MATCH",
        "runConditionStatuses": [
          "SUCCESS",
          "WARNING"
        ],
        "runConditionExpression": "",
        "resetScenarioStatus": false,
        "delayBetweenRetries": 10,
        "maxRetriesOnFail": 0,
        "params": {
          "builds": [
            {
              "type": "DATASET",
              "itemId": "locations_competition",
              "partitionsSpec": ""
            }
          ],
          "jobType": "NON_RECURSIVE_FORCED_BUILD",
          "refreshHiveMetastore": true,
          "proceedOnFailure": false
        }
      },
      {
        "id": "comp_metrics_d_locations_isochrones",
        "type": "compute_metrics",
        "name": "locations_isochrones",
        "runConditionType": "RUN_IF_STATUS_MATCH",
        "runConditionStatuses": [
          "SUCCESS",
          "WARNING"
        ],
        "runConditionExpression": "",
        "resetScenarioStatus": false,
        "delayBetweenRetries": 10,
        "maxRetriesOnFail": 0,
        "params": {
          "computes": [
            {
              "type": "DATASET",
              "itemId": "locations_isochrones",
              "partitionsSpec": ""
            }
          ],
          "proceedOnFailure": false
        }
      }
    ]
  },
  "automationLocal": false,
  "customFields": {}
}