{
  "projectKey": "DISTR_SPATIAL",
  "id": "COMPUTE_POINTS_OF_INTEREST_DATA",
  "type": "step_based",
  "name": "compute_points_of_interest_data",
  "active": false,
  "versionTag": {
    "versionNumber": 18,
    "lastModifiedBy": {
      "login": "malick.konate@dataiku.com"
    },
    "lastModifiedOn": 1619546757185
  },
  "checklists": {
    "checklists": []
  },
  "delayedTriggersBehavior": {
    "delayWhileRunning": true,
    "squashDelayedTriggers": true,
    "suppressTriggersWhileRunning": true
  },
  "tags": [],
  "triggers": [],
  "reporters": [],
  "params": {
    "steps": [
      {
        "id": "run_scenario_null.LOAD_APPLICATION_VARIABLES",
        "type": "run_scenario",
        "name": "load_application_variables",
        "runConditionType": "RUN_IF_STATUS_MATCH",
        "runConditionStatuses": [
          "SUCCESS",
          "WARNING"
        ],
        "runConditionExpression": "",
        "resetScenarioStatus": false,
        "delayBetweenRetries": 10,
        "maxRetriesOnFail": 0,
        "params": {
          "scenarioId": "LOAD_APPLICATION_VARIABLES",
          "proceedOnFailure": false
        }
      },
      {
        "id": "build_1_true_d_isochrones_envelopes_points_of_interest",
        "type": "build_flowitem",
        "name": "locations_points_of_interest",
        "runConditionType": "RUN_IF_STATUS_MATCH",
        "runConditionStatuses": [
          "SUCCESS",
          "WARNING"
        ],
        "runConditionExpression": "",
        "resetScenarioStatus": false,
        "delayBetweenRetries": 10,
        "maxRetriesOnFail": 0,
        "params": {
          "builds": [
            {
              "type": "DATASET",
              "itemId": "locations_points_of_interest",
              "partitionsSpec": ""
            }
          ],
          "jobType": "NON_RECURSIVE_FORCED_BUILD",
          "refreshHiveMetastore": true,
          "proceedOnFailure": false
        }
      },
      {
        "id": "schema_propagation",
        "type": "schema_propagation",
        "name": "locations_points_of_interest (copy)",
        "runConditionType": "RUN_IF_STATUS_MATCH",
        "runConditionStatuses": [
          "SUCCESS",
          "WARNING"
        ],
        "runConditionExpression": "",
        "resetScenarioStatus": false,
        "delayBetweenRetries": 10,
        "maxRetriesOnFail": 0,
        "params": {
          "options": {
            "datasetName": "locations_points_of_interest",
            "behavior": "AUTO_WITH_BUILDS",
            "recipeUpdateOptions": {},
            "partitionByDim": [],
            "partitionByComputable": [],
            "excludedRecipes": [],
            "markAsOkRecipes": []
          },
          "proceedOnFailure": false
        }
      },
      {
        "id": "custom_python_vOncpnThJI4awYMM3REBlg",
        "type": "custom_python",
        "name": "Update recipe \"compute_locations_points_of_interest_agg\"",
        "runConditionType": "RUN_IF_STATUS_MATCH",
        "runConditionStatuses": [
          "SUCCESS",
          "WARNING"
        ],
        "runConditionExpression": "",
        "resetScenarioStatus": false,
        "delayBetweenRetries": 10,
        "maxRetriesOnFail": 0,
        "params": {
          "script": "from dku_utils import (get_current_project_and_variables, update_recipe_ouput_schema)\n\nRECIPE_FOR_LOCATIONS_POINTS_OF_INTEREST \u003d \"compute_locations_points_of_interest_agg\"\nproject, variables \u003d get_current_project_and_variables()\npoints_of_interest_tags \u003d variables[\"standard\"][\"points_of_interest_tags\"]\ncolumns_tags_to_aggregate \u003d [\"has_{}\".format(tag) for tag in points_of_interest_tags]\n\nrecipe_for_locations_points_of_interest \u003d project.get_recipe(RECIPE_FOR_LOCATIONS_POINTS_OF_INTEREST)\nrecipe_settings \u003d recipe_for_locations_points_of_interest.get_settings()\n\nrecipe_new_aggregations \u003d []\nrecipe_payload \u003d recipe_settings.get_json_payload()\nrecipe_aggregations \u003d recipe_payload[\"values\"]\nfor aggregation in recipe_aggregations:\n    aggregated_col \u003d aggregation[\"column\"]\n    if aggregated_col in columns_tags_to_aggregate:\n        aggregation[\"sum\"] \u003d True\n        aggregation[\"$selected\"] \u003d True\n    else: \n        aggregation[\"sum\"] \u003d False\n        aggregation[\"$selected\"] \u003d False\n    recipe_new_aggregations.append(aggregation)\nrecipe_payload[\"values\"] \u003d recipe_new_aggregations\nrecipe_settings.set_json_payload(recipe_payload)\nrecipe_settings.save()\nupdate_recipe_ouput_schema(project, RECIPE_FOR_LOCATIONS_POINTS_OF_INTEREST)",
          "envSelection": {
            "envMode": "EXPLICIT_ENV",
            "envName": "solution_distribution-spatial-footprint"
          },
          "proceedOnFailure": false
        }
      },
      {
        "id": "build_1_true_d_locations_points_of_interest",
        "type": "build_flowitem",
        "name": "unique_points_of_interest",
        "runConditionType": "RUN_IF_STATUS_MATCH",
        "runConditionStatuses": [
          "SUCCESS",
          "WARNING"
        ],
        "runConditionExpression": "",
        "resetScenarioStatus": false,
        "delayBetweenRetries": 10,
        "maxRetriesOnFail": 0,
        "params": {
          "builds": [
            {
              "type": "DATASET",
              "itemId": "locations_points_of_interest_agg",
              "partitionsSpec": ""
            },
            {
              "type": "DATASET",
              "itemId": "unique_points_of_interest",
              "partitionsSpec": ""
            }
          ],
          "jobType": "NON_RECURSIVE_FORCED_BUILD",
          "refreshHiveMetastore": true,
          "proceedOnFailure": false
        }
      }
    ]
  },
  "automationLocal": false,
  "customFields": {}
}