{
  "projectKey": "DISTR_SPATIAL",
  "id": "LOAD_APPLICATION_VARIABLES",
  "type": "step_based",
  "name": "load_application_variables",
  "active": false,
  "versionTag": {
    "versionNumber": 12,
    "lastModifiedBy": {
      "login": "malick.konate@dataiku.com"
    },
    "lastModifiedOn": 1624528512871
  },
  "checklists": {
    "checklists": []
  },
  "delayedTriggersBehavior": {
    "delayWhileRunning": true,
    "squashDelayedTriggers": true,
    "suppressTriggersWhileRunning": true
  },
  "tags": [],
  "triggers": [],
  "reporters": [],
  "params": {
    "steps": [
      {
        "id": "custom_python_Pz7M7XCwyCnRjXrygYA7VA",
        "type": "custom_python",
        "name": "Load application variables",
        "runConditionType": "RUN_IF_STATUS_MATCH",
        "runConditionStatuses": [
          "SUCCESS",
          "WARNING"
        ],
        "runConditionExpression": "",
        "resetScenarioStatus": false,
        "delayBetweenRetries": 10,
        "maxRetriesOnFail": 0,
        "params": {
          "script": "import dataiku\nfrom distribution_spatial_footprint.utils import load_project_parameters\nfrom distribution_spatial_footprint.config import STARTER_PROJECT_VARIABLES\nfrom dku_utils import get_current_project_and_variables\n\nproject, variables \u003d get_current_project_and_variables()\nupdated_local_variables \u003d load_project_parameters(project)\nvariables[\"standard\"] \u003d updated_local_variables\nproject.set_variables(variables)",
          "envSelection": {
            "envMode": "USE_BUILTIN_MODE",
            "envName": "solution_distribution-spatial-footprint"
          },
          "proceedOnFailure": false
        }
      }
    ]
  },
  "automationLocal": false,
  "customFields": {}
}