{
  "projectKey": "DISTR_SPATIAL",
  "id": "PREPROCESS_CUSTOMER_LOCATIONS_DATA",
  "type": "step_based",
  "name": "preprocess_customer_locations_data",
  "active": false,
  "versionTag": {
    "versionNumber": 28,
    "lastModifiedBy": {
      "login": "malick.konate@dataiku.com"
    },
    "lastModifiedOn": 1624528824631
  },
  "checklists": {
    "checklists": []
  },
  "delayedTriggersBehavior": {
    "delayWhileRunning": true,
    "squashDelayedTriggers": true,
    "suppressTriggersWhileRunning": true
  },
  "tags": [],
  "triggers": [],
  "reporters": [],
  "params": {
    "steps": [
      {
        "id": "run_scenario_null.LOAD_APPLICATION_VARIABLES",
        "type": "run_scenario",
        "name": "load_application_variables",
        "runConditionType": "RUN_IF_STATUS_MATCH",
        "runConditionStatuses": [
          "SUCCESS",
          "WARNING"
        ],
        "runConditionExpression": "",
        "resetScenarioStatus": false,
        "delayBetweenRetries": 10,
        "maxRetriesOnFail": 0,
        "params": {
          "scenarioId": "LOAD_APPLICATION_VARIABLES",
          "proceedOnFailure": false
        }
      },
      {
        "id": "custom_python_JVNdR5ghrAm84+Gro4SATw",
        "type": "custom_python",
        "name": "Load application variables",
        "runConditionType": "DISABLED",
        "runConditionStatuses": [
          "SUCCESS",
          "WARNING"
        ],
        "runConditionExpression": "",
        "resetScenarioStatus": false,
        "delayBetweenRetries": 10,
        "maxRetriesOnFail": 0,
        "params": {
          "script": "import dataiku\nfrom geomatic.utils import STARTER_PROJECT_VARIABLES, load_project_parameters\nproject_key \u003d dataiku.get_custom_variables()[\"projectKey\"]\nclient \u003d dataiku.api_client()\nproject \u003d client.get_project(project_key)\n\nupdated_local_variables \u003d load_project_parameters(project)\nvariables[\"standard\"] \u003d updated_local_variables\n    \nproject.set_variables(variables)",
          "envSelection": {
            "envMode": "EXPLICIT_ENV",
            "envName": "solution_distribution-spatial-footprint"
          },
          "proceedOnFailure": false
        }
      },
      {
        "id": "run_scenario_null.SWITCH_INPUT_DATASET",
        "type": "run_scenario",
        "name": "switch_input_datasets",
        "runConditionType": "RUN_IF_STATUS_MATCH",
        "runConditionStatuses": [
          "SUCCESS",
          "WARNING"
        ],
        "runConditionExpression": "",
        "resetScenarioStatus": false,
        "delayBetweenRetries": 10,
        "maxRetriesOnFail": 0,
        "params": {
          "scenarioId": "SWITCH_CUSTOMERS_INPUT_DATASET",
          "proceedOnFailure": false
        }
      },
      {
        "id": "custom_python",
        "type": "custom_python",
        "name": "Geocode if needed and preprocess data",
        "runConditionType": "RUN_IF_STATUS_MATCH",
        "runConditionStatuses": [
          "SUCCESS",
          "WARNING"
        ],
        "runConditionExpression": "",
        "resetScenarioStatus": false,
        "delayBetweenRetries": 10,
        "maxRetriesOnFail": 0,
        "params": {
          "script": "import dataiku\nfrom dku_utils import build_dataset, update_recipe_ouput_schema, get_current_project_and_variables\n\n#propagate_schema_geocoded_datasets \u003d project.get_scenario(\"propagate_schema_geocoded_datasets\")\n#propagate_schema_identified_dataset \u003d project.get_scenario(\"propagate_schema_identified_dataset\")\n\nproject, variables \u003d get_current_project_and_variables()\ncustomer_locations_type \u003d variables[\"standard\"][\"customer_locations_type\"]\n\nif customer_locations_type \u003d\u003d \"lat_lon\":\n    update_recipe_ouput_schema(project, \"compute_customers_prepared\")\n    build_dataset(project, \"customers_prepared\")\n    \nelse:\n    build_dataset(project, \"customers_geocoded\")\n    update_recipe_ouput_schema(project, \"split_customers_dataset\")\n    build_dataset(project, \"customers_well_geocoded\")\n    update_recipe_ouput_schema(project, \"compute_customers_prepared\")\n    build_dataset(project, \"customers_prepared\")",
          "envSelection": {
            "envMode": "USE_BUILTIN_MODE"
          },
          "proceedOnFailure": false
        }
      }
    ]
  },
  "automationLocal": false,
  "customFields": {}
}