{
  "projectKey": "DISTR_SPATIAL",
  "id": "PROPAGATE_SCHEMA_IDENTIFIED_DATASET",
  "type": "step_based",
  "name": "propagate_schema_identified_dataset",
  "active": false,
  "versionTag": {
    "versionNumber": 2,
    "lastModifiedBy": {
      "login": "admin"
    },
    "lastModifiedOn": 1615825071709
  },
  "checklists": {
    "checklists": []
  },
  "delayedTriggersBehavior": {
    "delayWhileRunning": true,
    "squashDelayedTriggers": true,
    "suppressTriggersWhileRunning": true
  },
  "tags": [],
  "triggers": [],
  "reporters": [],
  "params": {
    "steps": [
      {
        "id": "schema_propagation",
        "type": "schema_propagation",
        "name": "Schema propagation starting  from \"location_identified\"",
        "runConditionType": "RUN_IF_STATUS_MATCH",
        "runConditionStatuses": [
          "SUCCESS",
          "WARNING"
        ],
        "runConditionExpression": "",
        "resetScenarioStatus": false,
        "delayBetweenRetries": 10,
        "maxRetriesOnFail": 0,
        "params": {
          "options": {
            "datasetName": "locations_identified",
            "behavior": "AUTO_NO_BUILD",
            "recipeUpdateOptions": {},
            "partitionByDim": [],
            "partitionByComputable": [],
            "excludedRecipes": [
              "compute_locations_isochrones",
              "compute_locations_competition",
              "compute_isochrones_envelopes_points_of_interest",
              "compute_locations_points_of_interest",
              "compute_unique_points_of_interest"
            ],
            "markAsOkRecipes": []
          },
          "proceedOnFailure": false
        }
      }
    ]
  },
  "automationLocal": false,
  "customFields": {}
}