{
  "projectKey": "DISTR_SPATIAL",
  "id": "SWITCH_LOCATIONS_INPUT_DATASET",
  "type": "step_based",
  "name": "switch_locations_input_dataset",
  "active": false,
  "versionTag": {
    "versionNumber": 39,
    "lastModifiedBy": {
      "login": "admin"
    },
    "lastModifiedOn": 1617011685155
  },
  "checklists": {
    "checklists": []
  },
  "delayedTriggersBehavior": {
    "delayWhileRunning": true,
    "squashDelayedTriggers": true,
    "suppressTriggersWhileRunning": true
  },
  "tags": [],
  "triggers": [],
  "reporters": [],
  "params": {
    "steps": [
      {
        "id": "custom_python_XUsVRLrtK0+noUgdpYDSYg",
        "type": "custom_python",
        "name": "Switching locations input dataset",
        "runConditionType": "RUN_IF_STATUS_MATCH",
        "runConditionStatuses": [
          "SUCCESS",
          "WARNING"
        ],
        "runConditionExpression": "",
        "resetScenarioStatus": false,
        "delayBetweenRetries": 10,
        "maxRetriesOnFail": 0,
        "params": {
          "script": "import dataiku\nfrom dku_utils import switch_recipe_input, get_current_project_and_variables,\\\nmove_dataset_in_flow_zone\n\nproject, variables \u003d get_current_project_and_variables()\ndistribution_locations_type \u003d variables[\"standard\"][\"distribution_locations_type\"]\n\ngeocoded_datasets_names \u003d [\"locations_geocoded\", \"locations_well_geocoded\", \"locations_not_geocoded\"]\n\nif distribution_locations_type \u003d\u003d \"lat_lon\":\n    switch_recipe_input(project, \"compute_locations_prepared\", \"locations_dataset\")\n    geocoded_datasets_zone \u003d \"Default\"\n    \nelse:\n    switch_recipe_input(project, \"compute_locations_prepared\", \"locations_well_geocoded\")\n    geocoded_datasets_zone \u003d \"preprocessing_zone\"\n\nfor dataset_name in geocoded_datasets_names:\n    move_dataset_in_flow_zone(project, dataset_name, geocoded_datasets_zone)",
          "envSelection": {
            "envMode": "INHERIT"
          },
          "proceedOnFailure": false
        }
      }
    ]
  },
  "automationLocal": false,
  "customFields": {}
}