{
  "projectKey": "DISTR_SPATIAL",
  "id": "SWITCH_CUSTOMERS_INPUT_DATASET",
  "type": "step_based",
  "name": "switch_customers_input_dataset",
  "active": false,
  "versionTag": {
    "versionNumber": 43,
    "lastModifiedBy": {
      "login": "malick.konate@dataiku.com"
    },
    "lastModifiedOn": 1624528771281
  },
  "checklists": {
    "checklists": []
  },
  "delayedTriggersBehavior": {
    "delayWhileRunning": true,
    "squashDelayedTriggers": true,
    "suppressTriggersWhileRunning": true
  },
  "tags": [],
  "triggers": [],
  "reporters": [],
  "params": {
    "steps": [
      {
        "id": "custom_python_XUsVRLrtK0+noUgdpYDSYg",
        "type": "custom_python",
        "name": "Switching customers input dataset",
        "runConditionType": "RUN_IF_STATUS_MATCH",
        "runConditionStatuses": [
          "SUCCESS",
          "WARNING"
        ],
        "runConditionExpression": "",
        "resetScenarioStatus": false,
        "delayBetweenRetries": 10,
        "maxRetriesOnFail": 0,
        "params": {
          "script": "import dataiku\nfrom dku_utils import switch_recipe_input,get_current_project_and_variables,\\\nmove_dataset_in_flow_zone\n\nproject, variables \u003d get_current_project_and_variables()\ncustomer_locations_type \u003d variables[\"standard\"][\"customer_locations_type\"]\n\ngeocoded_datasets_names \u003d [\"customers_geocoded\", \"customers_well_geocoded\", \"customers_not_geocoded\"]\n\nif customer_locations_type \u003d\u003d \"lat_lon\":\n    switch_recipe_input(project, \"compute_customers_prepared\", \"customers_dataset\")\n    geocoded_datasets_zone \u003d \"Default\"\n\nelse:\n    switch_recipe_input(project, \"compute_customers_prepared\", \"customers_well_geocoded\")\n    geocoded_datasets_zone \u003d \"preprocessing_zone\"\n    \nfor dataset_name in geocoded_datasets_names:\n    move_dataset_in_flow_zone(project, dataset_name, geocoded_datasets_zone)    ",
          "envSelection": {
            "envMode": "USE_BUILTIN_MODE"
          },
          "proceedOnFailure": false
        }
      }
    ]
  },
  "automationLocal": false,
  "customFields": {}
}