{
  "type": "Filesystem",
  "managed": true,
  "formatType": "csv",
  "checklists": {
    "checklists": []
  },
  "checks": [],
  "customMeta": {
    "kv": {}
  },
  "flowOptions": {
    "virtualizable": false,
    "rebuildBehavior": "NORMAL",
    "crossProjectBuildBehavior": "DEFAULT"
  },
  "readWriteOptions": {
    "preserveOrder": false,
    "writeBuckets": 1,
    "forceSingleOutputFile": false,
    "defaultReadOrdering": {
      "enabled": false,
      "rules": []
    }
  },
  "formatParams": {
    "style": "unix",
    "charset": "utf8",
    "separator": "\t",
    "quoteChar": "\"",
    "escapeChar": "\\",
    "dateSerializationFormat": "ISO",
    "arrayMapFormat": "json",
    "hiveSeparators": [
      "\u0002",
      "\u0003",
      "\u0004",
      "\u0005",
      "\u0006",
      "\u0007",
      "\b"
    ],
    "skipRowsBeforeHeader": 0,
    "parseHeaderRow": false,
    "skipRowsAfterHeader": 0,
    "probableNumberOfRecords": 0,
    "normalizeBooleans": false,
    "normalizeDoubles": true,
    "readAdditionalColumnsBehavior": "INSERT_IN_DATA_WARNING",
    "readMissingColumnsBehavior": "DISCARD_SILENT",
    "readDataTypeMismatchBehavior": "DISCARD_WARNING",
    "writeDataTypeMismatchBehavior": "DISCARD_WARNING",
    "fileReadFailureBehavior": "FAIL",
    "compress": "gz"
  },
  "partitioning": {
    "ignoreNonMatchingFile": false,
    "considerMissingRequestedPartitionsAsEmpty": false,
    "dimensions": []
  },
  "versionTag": {
    "versionNumber": 23,
    "lastModifiedBy": {
      "login": "malick.konate@dataiku.com"
    },
    "lastModifiedOn": 1623240512758
  },
  "creationTag": {
    "versionNumber": 0,
    "lastModifiedBy": {
      "login": "admin"
    },
    "lastModifiedOn": 1615570540821
  },
  "tags": [],
  "params": {
    "connection": "filesystem_managed",
    "path": "${projectKey}/locations_isochrones",
    "notReadyIfEmpty": false,
    "filesSelectionRules": {
      "mode": "ALL",
      "excludeRules": [],
      "includeRules": [],
      "explicitFiles": []
    }
  },
  "schema": {
    "columns": [
      {
        "name": "location_identifier",
        "type": "string"
      },
      {
        "name": "shop",
        "type": "string"
      },
      {
        "name": "group_name",
        "type": "string"
      },
      {
        "name": "shop_type",
        "type": "string"
      },
      {
        "name": "shop_category",
        "type": "string"
      },
      {
        "name": "address",
        "type": "string"
      },
      {
        "name": "latitude",
        "type": "double"
      },
      {
        "name": "longitude",
        "type": "double"
      },
      {
        "name": "geo_point",
        "type": "string"
      },
      {
        "name": "city",
        "type": "string"
      },
      {
        "name": "department",
        "type": "string"
      },
      {
        "name": "region",
        "type": "string"
      },
      {
        "name": "country_iso",
        "type": "string"
      },
      {
        "name": "isochrone_5_min",
        "type": "string"
      },
      {
        "name": "isochrone_5_min_total_pop",
        "type": "double"
      },
      {
        "name": "isochrone_5_min_area",
        "type": "double"
      },
      {
        "name": "isochrone_5_min_reachfactor",
        "type": "double"
      },
      {
        "name": "isochrone_10_min",
        "type": "string"
      },
      {
        "name": "isochrone_10_min_total_pop",
        "type": "double"
      },
      {
        "name": "isochrone_10_min_area",
        "type": "double"
      },
      {
        "name": "isochrone_10_min_reachfactor",
        "type": "double"
      },
      {
        "name": "isochrone_15_min",
        "type": "string"
      },
      {
        "name": "isochrone_15_min_total_pop",
        "type": "double"
      },
      {
        "name": "isochrone_15_min_area",
        "type": "double"
      },
      {
        "name": "isochrone_15_min_reachfactor",
        "type": "double"
      },
      {
        "name": "isochrone_30_min",
        "type": "string"
      },
      {
        "name": "isochrone_30_min_total_pop",
        "type": "double"
      },
      {
        "name": "isochrone_30_min_area",
        "type": "double"
      },
      {
        "name": "isochrone_30_min_reachfactor",
        "type": "double"
      },
      {
        "name": "isochrone_45_min",
        "type": "string"
      },
      {
        "name": "isochrone_45_min_total_pop",
        "type": "double"
      },
      {
        "name": "isochrone_45_min_area",
        "type": "double"
      },
      {
        "name": "isochrone_45_min_reachfactor",
        "type": "double"
      },
      {
        "name": "isochrone_60_min",
        "type": "string"
      },
      {
        "name": "isochrone_60_min_total_pop",
        "type": "double"
      },
      {
        "name": "isochrone_60_min_area",
        "type": "double"
      },
      {
        "name": "isochrone_60_min_reachfactor",
        "type": "double"
      },
      {
        "name": "location_id",
        "type": "bigint"
      }
    ],
    "userModified": false
  },
  "dkuProperties": [],
  "metrics": {
    "probes": [
      {
        "type": "basic",
        "enabled": true,
        "computeOnBuildMode": "PARTITION",
        "meta": {
          "name": "Basic data",
          "level": 0
        },
        "configuration": {}
      },
      {
        "type": "records",
        "enabled": true,
        "computeOnBuildMode": "NO",
        "meta": {
          "name": "Record count",
          "level": 0
        },
        "configuration": {}
      },
      {
        "type": "col_stats",
        "enabled": false,
        "computeOnBuildMode": "NO",
        "meta": {
          "name": "Columns statistics",
          "level": 2
        },
        "configuration": {
          "aggregates": []
        }
      },
      {
        "type": "adv_col_stats",
        "enabled": false,
        "computeOnBuildMode": "NO",
        "meta": {
          "name": "Most frequent values",
          "level": 3
        },
        "configuration": {
          "aggregates": [],
          "numberTopValues": 10
        }
      },
      {
        "type": "percentile_stats",
        "enabled": false,
        "computeOnBuildMode": "NO",
        "meta": {
          "name": "Columns percentiles",
          "level": 4
        },
        "configuration": {
          "aggregates": []
        }
      },
      {
        "type": "verify_col",
        "enabled": false,
        "computeOnBuildMode": "NO",
        "meta": {
          "name": "Data validity",
          "level": 4
        },
        "configuration": {
          "aggregates": []
        }
      }
    ],
    "engineConfig": {
      "padRunsWithMetrics": false,
      "hive": {
        "active": true,
        "extraConf": []
      },
      "basic": {},
      "dss": {
        "active": true,
        "selection": {
          "useMemTable": false,
          "filter": {
            "distinct": false,
            "enabled": false
          },
          "partitionSelectionMethod": "ALL",
          "latestPartitionsN": 1,
          "ordering": {
            "enabled": false,
            "rules": []
          },
          "samplingMethod": "FULL",
          "maxRecords": -1,
          "targetRatio": 0.02,
          "withinFirstN": -1,
          "maxReadUncompressedBytes": -1
        }
      },
      "sql": {
        "active": true
      },
      "impala": {
        "active": true
      },
      "spark": {
        "active": true,
        "extraConf": []
      },
      "python": {}
    },
    "displayedState": {
      "partition": "NP",
      "columns": [],
      "metrics": [
        "basic:COUNT_COLUMNS",
        "basic:COUNT_FILES",
        "basic:SIZE",
        "records:COUNT_RECORDS"
      ]
    }
  },
  "metricsChecks": {
    "runOnBuild": false,
    "checks": [],
    "displayedState": {
      "partition": "NP",
      "checks": []
    }
  },
  "customFields": {}
}