{
  "type": "distinct",
  "neverRecomputeExistingPartitions": false,
  "optionalDependencies": false,
  "customMeta": {
    "kv": {}
  },
  "redispatchPartitioning": false,
  "maxRunningActivities": 0,
  "variables": {},
  "dkuProperties": [],
  "inputs": {
    "main": {
      "items": [
        {
          "ref": "locations_points_of_interest",
          "deps": []
        }
      ]
    }
  },
  "outputs": {
    "main": {
      "items": [
        {
          "ref": "unique_points_of_interest",
          "appendMode": false
        }
      ]
    }
  },
  "labels": [],
  "versionTag": {
    "versionNumber": 8,
    "lastModifiedBy": {
      "login": "malick.konate@dataiku.com"
    },
    "lastModifiedOn": 1619546221588
  },
  "creationTag": {
    "versionNumber": 0,
    "lastModifiedBy": {
      "login": "admin"
    },
    "lastModifiedOn": 1615573734662
  },
  "tags": [],
  "customFields": {},
  "checklists": {
    "checklists": []
  }
}