{
  "type": "CustomCode_forward_geocoding",
  "neverRecomputeExistingPartitions": false,
  "optionalDependencies": false,
  "params": {
    "customConfig": {
      "cache_enabled": false,
      "batch_enabled": true,
      "batch_size_bing": 50,
      "batch_size_uscensus": 1000,
      "column_prefix": "",
      "provider": "osm",
      "address_column": "address"
    },
    "containerSelection": {
      "containerMode": "INHERIT"
    }
  },
  "customMeta": {
    "kv": {}
  },
  "redispatchPartitioning": false,
  "maxRunningActivities": 0,
  "variables": {},
  "dkuProperties": [],
  "inputs": {
    "input_ds": {
      "items": [
        {
          "ref": "customers_dataset",
          "deps": []
        }
      ]
    }
  },
  "outputs": {
    "output_ds": {
      "items": [
        {
          "ref": "customers_geocoded",
          "appendMode": false
        }
      ]
    }
  },
  "labels": [],
  "versionTag": {
    "versionNumber": 2,
    "lastModifiedBy": {
      "login": "mkonate"
    },
    "lastModifiedOn": 1617038259044
  },
  "creationTag": {
    "versionNumber": 0,
    "lastModifiedBy": {
      "login": "admin"
    },
    "lastModifiedOn": 1615884041350
  },
  "tags": [],
  "customFields": {},
  "checklists": {
    "checklists": []
  }
}