{
  "pages": [
    {
      "id": "UmatPTn",
      "grid": {
        "tiles": [
          {
            "tileType": "INSIGHT",
            "box": {
              "top": 0,
              "left": 0,
              "width": 12,
              "height": 7
            },
            "clickAction": "DO_NOTHING",
            "tileParams": {
              "loadTimeoutInSeconds": 0
            },
            "autoLoad": true,
            "showTitle": "NO",
            "insightId": "g9fx5Qe",
            "insightType": "web_app",
            "displayMode": "INSIGHT",
            "resizeImageMode": "FIT_SIZE"
          }
        ]
      },
      "showTitle": false
    }
  ],
  "owner": "admin",
  "listed": true,
  "name": "Distribution networks spatial analysis\u0027s default dashboard",
  "showGrid": true,
  "versionTag": {
    "versionNumber": 3,
    "lastModifiedBy": {
      "login": "malick.konate@dataiku.com"
    },
    "lastModifiedOn": 1620720381175
  },
  "creationTag": {
    "versionNumber": 0,
    "lastModifiedBy": {
      "login": "admin"
    },
    "lastModifiedOn": 1615569948299
  },
  "tags": [],
  "customFields": {},
  "checklists": {
    "checklists": []
  }
}