[
  {
    "execSQLLike": false,
    "localDatasets": [],
    "projectPrivileges": {
      "admin": false,
      "readProjectContent": false,
      "writeProjectContent": false,
      "exportDatasetsData": false,
      "readDashboards": false,
      "writeDashboards": false,
      "moderateDashboards": false,
      "runScenarios": false,
      "manageDashboardAuthorizations": false,
      "manageExposedElements": false,
      "manageAdditionalDashboardUsers": false,
      "executeApp": false
    },
    "onBehalf": "tVOMlzi",
    "id": "O8bow0CUrMIqc4wv",
    "key": "dummyKey_8N0wSX7vK9g3SHmuHOSVQtihFUggtUXY",
    "label": "Key for Web app geospatial_analysis(tVOMlzi)",
    "createdOn": 1615570936237
  },
  {
    "execSQLLike": false,
    "localDatasets": [
      {
        "datasets": [],
        "privileges": [
          "READ_DATA",
          "READ_METADATA",
          "READ_SCHEMA"
        ]
      }
    ],
    "projectPrivileges": {
      "admin": false,
      "readProjectContent": false,
      "writeProjectContent": false,
      "exportDatasetsData": false,
      "readDashboards": false,
      "writeDashboards": false,
      "moderateDashboards": false,
      "runScenarios": false,
      "manageDashboardAuthorizations": false,
      "manageExposedElements": false,
      "manageAdditionalDashboardUsers": false,
      "executeApp": false
    },
    "onBehalf": "TKHEjMU",
    "id": "vAlvLCcadRTJGsKB",
    "key": "dummyKey_MUAwcbdJy85dQuP1Z1rvMyOM2DEiPVJ1",
    "label": "Key for Web app footprint_webapp_test_data(TKHEjMU)",
    "createdOn": 1622478517427
  },
  {
    "execSQLLike": false,
    "localDatasets": [
      {
        "datasets": [],
        "privileges": [
          "READ_DATA",
          "READ_METADATA",
          "READ_SCHEMA"
        ]
      }
    ],
    "projectPrivileges": {
      "admin": false,
      "readProjectContent": false,
      "writeProjectContent": false,
      "exportDatasetsData": false,
      "readDashboards": false,
      "writeDashboards": false,
      "moderateDashboards": false,
      "runScenarios": false,
      "manageDashboardAuthorizations": false,
      "manageExposedElements": false,
      "manageAdditionalDashboardUsers": false,
      "executeApp": false
    },
    "onBehalf": "43AlXZt",
    "id": "dGDJiiEiYq3etPzD",
    "key": "dummyKey_Z2kgaIdn5TyIH2z4SzUEKELxNuVn9GFe",
    "label": "Key for Web app footprint_webapp_dss_data(43AlXZt)",
    "createdOn": 1622665925141
  }
]