[
  {
    "execSQLLike": false,
    "localDatasets": [
      {
        "datasets": [],
        "privileges": [
          "READ_DATA",
          "READ_METADATA",
          "READ_SCHEMA"
        ]
      }
    ],
    "projectPrivileges": {
      "admin": false,
      "readProjectContent": false,
      "writeProjectContent": false,
      "exportDatasetsData": false,
      "readDashboards": false,
      "writeDashboards": false,
      "moderateDashboards": false,
      "runScenarios": false,
      "manageDashboardAuthorizations": false,
      "manageExposedElements": false,
      "manageAdditionalDashboardUsers": false,
      "executeApp": false
    },
    "onBehalf": "43AlXZt",
    "id": "dGDJiiEiYq3etPzD",
    "key": "dummyKey_MHMaKDy6DnP3vwI2ELxsyaeQLOdZSlnp",
    "label": "Key for Web app footprint_webapp_dss_data(43AlXZt)",
    "createdOn": 1622665925141
  }
]