{
  "dashboardAuthorizations": {
    "allAuthorized": false,
    "authorizations": [
      {
        "objectRef": {
          "objectId": "tVOMlzi",
          "objectType": "WEB_APP"
        },
        "modes": [
          "READ"
        ]
      }
    ]
  },
  "exposedObjects": {
    "objects": []
  },
  "projectType": "REGULAR",
  "projectAppType": "APP_TEMPLATE",
  "bundleContainerSettings": {
    "remapping": {
      "connections": [],
      "codeEnvs": []
    },
    "codeEnvsBehavior": {
      "envImportSpecificationMode": "SPECIFIED",
      "importTimeMode": "INSTALL_IF_MISS"
    }
  },
  "bundleExporterSettings": {
    "exportOptions": {
      "exportUploads": false,
      "exportManagedFS": false,
      "exportAnalysisModels": false,
      "exportSavedModels": false,
      "exportManagedFolders": false,
      "exportModelEvaluationStores": false,
      "exportAllInputDatasets": false,
      "exportAllDatasets": false,
      "exportAllInputManagedFolders": false,
      "exportGitRepository": false,
      "exportInsightsData": false,
      "useManualPluginsInfo": false,
      "includedDatasetsData": [],
      "includedSavedModels": [],
      "includedModelEvaluationStores": [],
      "includedManagedFolders": [],
      "shareAllInputDatasets": false
    }
  },
  "owner": "malick.konate@dataiku.com",
  "permissions": [
    {
      "user": "conor.jensen@dataiku.com",
      "admin": false,
      "readProjectContent": false,
      "writeProjectContent": true,
      "exportDatasetsData": true,
      "readDashboards": false,
      "writeDashboards": false,
      "moderateDashboards": false,
      "runScenarios": false,
      "manageDashboardAuthorizations": true,
      "manageExposedElements": true,
      "manageAdditionalDashboardUsers": true,
      "executeApp": false
    },
    {
      "user": "divya.thomas@dataiku.com",
      "admin": false,
      "readProjectContent": false,
      "writeProjectContent": true,
      "exportDatasetsData": true,
      "readDashboards": false,
      "writeDashboards": false,
      "moderateDashboards": false,
      "runScenarios": false,
      "manageDashboardAuthorizations": true,
      "manageExposedElements": true,
      "manageAdditionalDashboardUsers": true,
      "executeApp": false
    },
    {
      "user": "henri.chabert@dataiku.com",
      "admin": true,
      "readProjectContent": false,
      "writeProjectContent": true,
      "exportDatasetsData": true,
      "readDashboards": false,
      "writeDashboards": false,
      "moderateDashboards": false,
      "runScenarios": false,
      "manageDashboardAuthorizations": true,
      "manageExposedElements": true,
      "manageAdditionalDashboardUsers": true,
      "executeApp": false
    },
    {
      "user": "pfennig@dataiku.com",
      "admin": false,
      "readProjectContent": false,
      "writeProjectContent": true,
      "exportDatasetsData": true,
      "readDashboards": false,
      "writeDashboards": false,
      "moderateDashboards": false,
      "runScenarios": false,
      "manageDashboardAuthorizations": true,
      "manageExposedElements": true,
      "manageAdditionalDashboardUsers": true,
      "executeApp": false
    },
    {
      "user": "sophie.dionnet@dataiku.com",
      "admin": false,
      "readProjectContent": false,
      "writeProjectContent": true,
      "exportDatasetsData": true,
      "readDashboards": false,
      "writeDashboards": false,
      "moderateDashboards": false,
      "runScenarios": false,
      "manageDashboardAuthorizations": true,
      "manageExposedElements": true,
      "manageAdditionalDashboardUsers": true,
      "executeApp": false
    },
    {
      "user": "triveni.gandhi@dataiku.com",
      "admin": false,
      "readProjectContent": false,
      "writeProjectContent": true,
      "exportDatasetsData": true,
      "readDashboards": false,
      "writeDashboards": false,
      "moderateDashboards": false,
      "runScenarios": false,
      "manageDashboardAuthorizations": true,
      "manageExposedElements": true,
      "manageAdditionalDashboardUsers": true,
      "executeApp": false
    },
    {
      "user": "benjamin.moreno@dataiku.com",
      "admin": false,
      "readProjectContent": false,
      "writeProjectContent": true,
      "exportDatasetsData": true,
      "readDashboards": false,
      "writeDashboards": false,
      "moderateDashboards": false,
      "runScenarios": false,
      "manageDashboardAuthorizations": true,
      "manageExposedElements": true,
      "manageAdditionalDashboardUsers": true,
      "executeApp": false
    },
    {
      "group": "everyone",
      "admin": false,
      "readProjectContent": false,
      "writeProjectContent": true,
      "exportDatasetsData": true,
      "readDashboards": false,
      "writeDashboards": false,
      "moderateDashboards": false,
      "runScenarios": false,
      "manageDashboardAuthorizations": true,
      "manageExposedElements": true,
      "manageAdditionalDashboardUsers": true,
      "executeApp": false
    }
  ],
  "additionalDashboardUsers": {
    "users": []
  },
  "tutorialProject": false,
  "settings": {
    "flowAnchorSourcesAndSinks": true,
    "gitCommitMode": "AUTO",
    "disableAutomaticTriggers": false,
    "integrations": {
      "integrations": []
    },
    "flowBuildSettings": {
      "mergeSparkPipelines": false,
      "pruneBeforeSparkPipelines": true,
      "mergeSqlPipelines": false,
      "pruneBeforeSqlPipelines": true
    },
    "limitsSettings": {
      "memSampleBytes": {
        "soft": -1,
        "hard": -1
      },
      "shakerMemTableBytes": {
        "soft": -1,
        "hard": -1
      },
      "attachmentBytes": {
        "soft": -1,
        "hard": -1
      }
    },
    "relocationSettings": {
      "sqlLikeRecipesInitializationMode": "RESOLVED_TABLE_REFERENCES"
    },
    "recipeEnginesPreferences": {
      "forbiddenEngines": [],
      "enginesPreferenceOrder": [],
      "forbiddenByRecipeType": {},
      "preferenceByRecipeType": {}
    },
    "codeEnvs": {
      "python": {
        "mode": "INHERIT",
        "preventOverride": false
      },
      "r": {
        "mode": "INHERIT",
        "preventOverride": false
      },
      "julia": {
        "mode": "INHERIT",
        "preventOverride": false
      }
    },
    "container": {
      "containerMode": "INHERIT"
    },
    "datasetsCreationSettings": {
      "useGlobal": true,
      "preferedStorageFormats": "CSV_ESCAPING_NOGZIP_FORHIVE,CSV_EXCEL_GZIP,PARQUET_HIVE",
      "virtualizable": false,
      "allowUploadsWithoutConnection": true
    },
    "hiveEngineCreationSettings": {
      "useGlobal": true,
      "executionEngine": "HIVECLI_LOCAL"
    },
    "sparkEngineCreationSettings": {
      "useGlobal": true,
      "executionEngine": "SPARK_SUBMIT",
      "useGlobalMetastore": false
    },
    "impalaEngineCreationSettings": {
      "useGlobal": true,
      "streamMode": true
    },
    "wikiSettings": {
      "promoted": false
    },
    "cluster": {
      "clusterMode": "INHERIT"
    },
    "k8sCluster": {
      "clusterMode": "INHERIT"
    },
    "virtualWebAppBackendSettings": {
      "mode": "INHERIT",
      "preventOverride": false,
      "infra": {
        "containerSelection": {
          "containerMode": "INHERIT"
        },
        "overrideGlobalK8sExposition": false,
        "exposition": {
          "type": "local_process",
          "params": {}
        },
        "scaling": {
          "initialReplicas": 1,
          "hpa": false,
          "hpaTargetCPUPercent": 0,
          "hpaMetrics": [],
          "hpaMinPods": 0,
          "hpaMaxPods": 0,
          "hpaAnnotations": []
        },
        "deploymentModifier": {}
      }
    }
  },
  "name": "Distribution Spatial Footprint",
  "imgPattern": 8,
  "showInitials": false,
  "metrics": {
    "probes": [],
    "engineConfig": {
      "padRunsWithMetrics": false,
      "hive": {
        "active": true,
        "extraConf": []
      },
      "basic": {},
      "dss": {
        "active": true,
        "selection": {
          "useMemTable": false,
          "filter": {
            "distinct": false,
            "enabled": false
          },
          "partitionSelectionMethod": "ALL",
          "latestPartitionsN": 1,
          "ordering": {
            "enabled": false,
            "rules": []
          },
          "samplingMethod": "FULL",
          "maxRecords": -1,
          "targetRatio": 0.02,
          "withinFirstN": -1,
          "maxReadUncompressedBytes": -1
        }
      },
      "sql": {
        "active": true
      },
      "impala": {
        "active": true
      },
      "spark": {
        "active": true,
        "extraConf": []
      },
      "python": {}
    },
    "displayedState": {
      "columns": [],
      "metrics": []
    }
  },
  "metricsChecks": {
    "runOnBuild": false,
    "checks": [],
    "displayedState": {
      "checks": []
    }
  },
  "versionTag": {
    "versionNumber": 200,
    "lastModifiedBy": {
      "login": "malick.konate@dataiku.com"
    },
    "lastModifiedOn": 1624380319283
  },
  "creationTag": {
    "versionNumber": 0,
    "lastModifiedBy": {
      "login": "admin"
    },
    "lastModifiedOn": 1615569948288
  },
  "shortDesc": "The project *Distribution networks spatial analysis* was created by Malick on Mar 12th 2021",
  "tags": [
    "retail",
    "prepackaged-solution",
    "dataiku-application",
    "webapp"
  ],
  "customFields": {},
  "checklists": {
    "checklists": [
      {
        "title": "Your new project\u0027s Todo",
        "createdOn": 0,
        "items": [
          {
            "done": true,
            "text": "Create the project",
            "createdOn": 1615569948291,
            "createdBy": "admin",
            "stateChangedOn": 0
          },
          {
            "done": false,
            "text": "Set a project image (click on the color next to the project title)",
            "createdOn": 1615569948291,
            "createdBy": "admin",
            "stateChangedOn": 0
          },
          {
            "done": false,
            "text": "Import your [first dataset](projects/DISTR_SPATIAL/datasets/new/)",
            "createdOn": 1615569948291,
            "createdBy": "admin",
            "stateChangedOn": 0
          },
          {
            "done": false,
            "text": "Organize your work by replacing this with a real todo",
            "createdOn": 1615569948291,
            "createdBy": "admin",
            "stateChangedOn": 0
          }
        ]
      }
    ]
  }
}