{
  "distribution_locations_type": "lat_lon",
  "analyze_customers": true,
  "customer_locations_type": "lat_lon",
  "isochrones_api_to_use": "open_route_service",
  "isochrones_range_min": [
    5,
    15,
    30
  ],
  "transportation_mode_open_route_service": "driving-car",
  "isochrones_attributes_open_route_service": [
    "total_pop",
    "area",
    "reachfactor"
  ],
  "analyze_pois": true,
  "points_of_interest_tags": [
    "shop",
    "leisure",
    "historic",
    "tourism"
  ],
  "enrich_pois": true,
  "points_of_interest_enrichments": [
    "brand",
    "operator"
  ],
  "identifier_columns": [
    "address"
  ],
  "api_key": "5b3ce3597851110001cf6248224e0c0c65b941c4adc0e5494229252e",
  "projectRandomKey": "xxPFyGDh",
  "input_dataset": "locations_dataset",
  "combine_customers_and_isochrones_data": true,
  "isochrones_for_customers": [
    "isochrone_5_min",
    "isochrone_15_min",
    "isochrone_30_min"
  ],
  "isochrones_for_pois": [
    "isochrone_5_min",
    "isochrone_15_min",
    "isochrone_30_min"
  ],
  "open_route_service": {
    "transportation_mode": "driving-car",
    "isochrones_attributes": [
      "total_pop",
      "area",
      "reachfactor"
    ]
  }
}