{
  "type": "webapp_distribution-spatial-footprint_distribution-spatial-webapp",
  "hasLegacyBackendURL": false,
  "params": {
    "backendEnabled": true,
    "enableJavascriptModules": true,
    "autoStartBackend": false,
    "hideJSSecurityPanel": true,
    "envSelection": {
      "envMode": "INHERIT"
    },
    "nbProcesses": 1,
    "libraries": [
      "jquery",
      "dataiku",
      "bootstrap",
      "font_awesome"
    ],
    "infra": {
      "containerSelection": {
        "containerMode": "NONE"
      },
      "overrideGlobalK8sExposition": false,
      "exposition": {
        "type": "local_process",
        "params": {}
      },
      "scaling": {
        "initialReplicas": 1,
        "hpa": false,
        "hpaTargetCPUPercent": 0,
        "hpaMetrics": [],
        "hpaMinPods": 0,
        "hpaMaxPods": 0,
        "hpaAnnotations": []
      },
      "deploymentModifier": {
        "config": {}
      }
    },
    "forceAuthentication": false
  },
  "config": {},
  "name": "footprint_webapp_dss_data",
  "apiKey": "dummyKey_MHMaKDy6DnP3vwI2ELxsyaeQLOdZSlnp",
  "versionTag": {
    "versionNumber": 2,
    "lastModifiedBy": {
      "login": "henri.chabert@dataiku.com"
    },
    "lastModifiedOn": 1622665950900
  },
  "creationTag": {
    "versionNumber": 0,
    "lastModifiedBy": {
      "login": "henri.chabert@dataiku.com"
    },
    "lastModifiedOn": 1622665925164
  },
  "tags": [],
  "checklists": {
    "checklists": []
  },
  "customFields": {},
  "isVirtual": false
}