{
  "type": "STANDARD",
  "hasLegacyBackendURL": false,
  "params": {
    "backendEnabled": true,
    "enableJavascriptModules": false,
    "autoStartBackend": false,
    "hideJSSecurityPanel": false,
    "envSelection": {
      "envMode": "EXPLICIT_ENV",
      "envName": "solution_distribution-spatial-footprint"
    },
    "nbProcesses": 1,
    "libraries": [
      "jquery",
      "dataiku",
      "leaflet"
    ],
    "infra": {
      "containerSelection": {
        "containerMode": "NONE"
      },
      "overrideGlobalK8sExposition": false,
      "exposition": {
        "type": "local_process",
        "params": {}
      },
      "scaling": {
        "initialReplicas": 1,
        "hpa": false,
        "hpaTargetCPUPercent": 0,
        "hpaMetrics": [],
        "hpaMinPods": 0,
        "hpaMaxPods": 0,
        "hpaAnnotations": []
      },
      "deploymentModifier": {
        "config": {}
      }
    },
    "forceAuthentication": false
  },
  "config": {},
  "name": "geospatial_analysis",
  "apiKey": "dummyKey_8N0wSX7vK9g3SHmuHOSVQtihFUggtUXY",
  "versionTag": {
    "versionNumber": 39,
    "lastModifiedBy": {
      "login": "malick.konate@dataiku.com"
    },
    "lastModifiedOn": 1621498379474
  },
  "creationTag": {
    "versionNumber": 0,
    "lastModifiedBy": {
      "login": "admin"
    },
    "lastModifiedOn": 1615570936573
  },
  "tags": [],
  "checklists": {
    "checklists": []
  },
  "customFields": {},
  "isVirtual": false
}