{
  "name": "points_of_interest_zone",
  "color": "#087ABF",
  "items": [
    {
      "objectId": "locations_points_of_interest",
      "objectType": "DATASET"
    },
    {
      "objectId": "locations_points_of_interest_agg",
      "objectType": "DATASET"
    },
    {
      "objectId": "compute_locations_points_of_interest",
      "objectType": "RECIPE"
    },
    {
      "objectId": "compute_unique_points_of_interest",
      "objectType": "RECIPE"
    },
    {
      "objectId": "unique_points_of_interest",
      "objectType": "DATASET"
    },
    {
      "objectId": "compute_locations_points_of_interest_agg",
      "objectType": "RECIPE"
    }
  ],
  "shared": [],
  "tags": [],
  "customFields": {},
  "checklists": {
    "checklists": []
  }
}