{
  "name": "customers_zone",
  "color": "#087ABF",
  "items": [
    {
      "objectId": "locations_customers",
      "objectType": "DATASET"
    },
    {
      "objectId": "compute_locations_customers",
      "objectType": "RECIPE"
    },
    {
      "objectId": "compute_locations_customers_agg",
      "objectType": "RECIPE"
    },
    {
      "objectId": "locations_customers_agg",
      "objectType": "DATASET"
    }
  ],
  "shared": [],
  "tags": [],
  "customFields": {},
  "checklists": {
    "checklists": []
  }
}