{
  "name": "webapp_zone",
  "color": "#C54F00",
  "items": [
    {
      "objectId": "compute_isochrones",
      "objectType": "RECIPE"
    },
    {
      "objectId": "webapp_isochrones",
      "objectType": "DATASET"
    },
    {
      "objectId": "webapp_locations",
      "objectType": "DATASET"
    },
    {
      "objectId": "compute_webapp_locations",
      "objectType": "RECIPE"
    },
    {
      "objectId": "compute_webapp_customers_2",
      "objectType": "RECIPE"
    },
    {
      "objectId": "webapp_customers",
      "objectType": "DATASET"
    }
  ],
  "shared": [
    {
      "objectId": "locations_isochrones",
      "objectType": "DATASET"
    },
    {
      "objectId": "locations_isochrones_denormalized",
      "objectType": "DATASET"
    },
    {
      "objectId": "locations_customers",
      "objectType": "DATASET"
    }
  ],
  "tags": [],
  "customFields": {},
  "checklists": {
    "checklists": []
  }
}