{
  "name": "preprocessing_zone",
  "color": "#8C2DA7",
  "items": [
    {
      "objectId": "locations_prepared",
      "objectType": "DATASET"
    },
    {
      "objectId": "compute_locations_prepared",
      "objectType": "RECIPE"
    },
    {
      "objectId": "customers_prepared",
      "objectType": "DATASET"
    },
    {
      "objectId": "compute_customers_prepared",
      "objectType": "RECIPE"
    },
    {
      "objectId": "locations_geocoded",
      "objectType": "DATASET"
    },
    {
      "objectId": "compute_locations_geocoded",
      "objectType": "RECIPE"
    },
    {
      "objectId": "locations_not_geocoded",
      "objectType": "DATASET"
    },
    {
      "objectId": "split_locations_geocoded",
      "objectType": "RECIPE"
    },
    {
      "objectId": "locations_well_geocoded",
      "objectType": "DATASET"
    }
  ],
  "shared": [],
  "tags": [],
  "customFields": {},
  "checklists": {
    "checklists": []
  }
}