{
  "name": "isochrones_zone",
  "color": "#31439C",
  "items": [
    {
      "objectId": "locations_competition",
      "objectType": "DATASET"
    },
    {
      "objectId": "compute_locations_competition",
      "objectType": "RECIPE"
    },
    {
      "objectId": "locations_isochrones_denormalized",
      "objectType": "DATASET"
    },
    {
      "objectId": "compute_locations_isochrones",
      "objectType": "RECIPE"
    },
    {
      "objectId": "locations_isochrones",
      "objectType": "DATASET"
    }
  ],
  "shared": [],
  "tags": [],
  "customFields": {},
  "checklists": {
    "checklists": []
  }
}